{"cameraMode":{"drawMode":0,"name":"Shaded","section":"Shading Mode"},"sceneLighting":true,"audioPlay":false,"sceneViewState":{"showFog":true,"showMaterialUpdate":true,"showSkybox":true,"showFlares":true,"showImageEffects":true,"showParticleSystems":true},"in2DMode":false,"pivot":{"x":230.54595947265626,"y":5.703601360321045,"z":125.70795440673828},"rotation":{"x":-0.21984919905662538,"y":-0.07396507263183594,"z":0.016717322170734407,"w":-0.972587525844574},"size":2.0533177852630617,"orthographic":false}