{"cameraMode":{"drawMode":0,"name":"Shaded","section":"Shading Mode"},"sceneLighting":true,"audioPlay":false,"sceneViewState":{"showFog":true,"showMaterialUpdate":true,"showSkybox":true,"showFlares":true,"showImageEffects":true,"showParticleSystems":true},"in2DMode":false,"pivot":{"x":270.19342041015627,"y":7.570343017578125,"z":84.3966293334961},"rotation":{"x":-0.28021135926246645,"y":-0.4376484751701355,"z":0.1456676870584488,"w":-0.8418708443641663},"size":92.5059814453125,"orthographic":false}