{"cameraMode":{"drawMode":0,"name":"Shaded","section":"Shading Mode"},"sceneLighting":true,"audioPlay":false,"sceneViewState":{"showFog":true,"showMaterialUpdate":true,"showSkybox":true,"showFlares":true,"showImageEffects":true,"showParticleSystems":true},"in2DMode":false,"pivot":{"x":227.931640625,"y":1.2048754692077637,"z":134.09983825683595},"rotation":{"x":-0.25045421719551089,"y":-0.06905680149793625,"z":0.01791331171989441,"w":-0.9654999375343323},"size":6.192005634307861,"orthographic":false}