{"cameraMode":{"drawMode":0,"name":"Shaded","section":"Shading Mode"},"sceneLighting":true,"audioPlay":false,"sceneViewState":{"showFog":true,"showMaterialUpdate":true,"showSkybox":true,"showFlares":true,"showImageEffects":true,"showParticleSystems":true},"in2DMode":false,"pivot":{"x":250.36903381347657,"y":25.05632209777832,"z":135.42752075195313},"rotation":{"x":-0.28021135926246645,"y":-0.4376484751701355,"z":0.1456676870584488,"w":-0.8418708443641663},"size":25.858505249023439,"orthographic":false}