{"cameraMode":{"drawMode":0,"name":"Shaded","section":"Shading Mode"},"sceneLighting":true,"audioPlay":false,"sceneViewState":{"showFog":true,"showMaterialUpdate":true,"showSkybox":true,"showFlares":true,"showImageEffects":true,"showParticleSystems":true},"in2DMode":false,"pivot":{"x":234.23065185546876,"y":1.0370938777923585,"z":131.3097381591797},"rotation":{"x":-0.2827611565589905,"y":-0.029637783765792848,"z":0.008736743591725827,"w":-0.958702027797699},"size":2.406925916671753,"orthographic":false}