{"cameraMode":{"drawMode":0,"name":"Shaded","section":"Shading Mode"},"sceneLighting":true,"audioPlay":false,"sceneViewState":{"showFog":true,"showMaterialUpdate":true,"showSkybox":true,"showFlares":true,"showImageEffects":true,"showParticleSystems":true},"in2DMode":false,"pivot":{"x":301.666748046875,"y":33.33818817138672,"z":211.66714477539063},"rotation":{"x":-0.12870194017887116,"y":0.061539340764284137,"z":-0.00800548866391182,"w":-0.9897491335868836},"size":14.076383590698243,"orthographic":false}