{"cameraMode":{"drawMode":0,"name":"Shaded","section":"Shading Mode"},"sceneLighting":true,"audioPlay":false,"sceneViewState":{"showFog":true,"showMaterialUpdate":true,"showSkybox":true,"showFlares":true,"showImageEffects":true,"showParticleSystems":true},"in2DMode":false,"pivot":{"x":229.09239196777345,"y":9.039244651794434,"z":128.4143524169922},"rotation":{"x":-0.05215113237500191,"y":0.15426158905029298,"z":-0.008158593438565731,"w":-0.9866287708282471},"size":8.948787689208985,"orthographic":false}