{"cameraMode":{"drawMode":0,"name":"Shaded","section":"Shading Mode"},"sceneLighting":true,"audioPlay":false,"sceneViewState":{"showFog":true,"showMaterialUpdate":true,"showSkybox":true,"showFlares":true,"showImageEffects":true,"showParticleSystems":true},"in2DMode":false,"pivot":{"x":232.62547302246095,"y":1.8595256805419922,"z":131.06202697753907},"rotation":{"x":-0.3246305286884308,"y":0.3309183418750763,"z":-0.12241439521312714,"w":-0.8775715231895447},"size":2.406925916671753,"orthographic":false}