{"cameraMode":{"drawMode":0,"name":"Shaded","section":"Shading Mode"},"sceneLighting":true,"audioPlay":false,"sceneViewState":{"showFog":true,"showMaterialUpdate":true,"showSkybox":true,"showFlares":true,"showImageEffects":true,"showParticleSystems":true},"in2DMode":false,"pivot":{"x":229.64712524414063,"y":16.683349609375,"z":152.60733032226563},"rotation":{"x":0.34271082282066347,"y":-0.2253732681274414,"z":0.08522750437259674,"w":0.9080864787101746},"size":26.91938591003418,"orthographic":false}