{"cameraMode":{"drawMode":0,"name":"Shaded","section":"Shading Mode"},"sceneLighting":true,"audioPlay":false,"sceneViewState":{"showFog":true,"showMaterialUpdate":true,"showSkybox":true,"showFlares":true,"showImageEffects":true,"showParticleSystems":true},"in2DMode":false,"pivot":{"x":233.25083923339845,"y":1.037092924118042,"z":131.2791748046875},"rotation":{"x":-0.2823505997657776,"y":0.059521131217479709,"z":-0.01755988970398903,"w":-0.9573115706443787},"size":3.141817808151245,"orthographic":false}