{"cameraMode":{"drawMode":0,"name":"Shaded","section":"Shading Mode"},"sceneLighting":true,"audioPlay":false,"sceneViewState":{"showFog":true,"showMaterialUpdate":true,"showSkybox":true,"showFlares":true,"showImageEffects":true,"showParticleSystems":true},"in2DMode":false,"pivot":{"x":232.2545928955078,"y":-5.6114678382873539,"z":146.40078735351563},"rotation":{"x":-0.16452911496162415,"y":-0.0186453927308321,"z":0.0031060080509632828,"w":-0.9861986637115479},"size":18.947425842285158,"orthographic":false}