{"cameraMode":{"drawMode":0,"name":"Shaded","section":"Shading Mode"},"sceneLighting":true,"audioPlay":false,"sceneViewState":{"showFog":true,"showMaterialUpdate":true,"showSkybox":true,"showFlares":true,"showImageEffects":true,"showParticleSystems":true},"in2DMode":false,"pivot":{"x":232.62547302246095,"y":4.460000038146973,"z":130.30999755859376},"rotation":{"x":-0.23357504606246949,"y":-0.021295420825481416,"z":0.0051159062422811989,"w":-0.9720968008041382},"size":14.076375961303711,"orthographic":false}